AKT1	http://www.orpha.net/consor/cgi-bin/Disease_Search.php?lng=EN&type_list=disease&data_id=20544&Gene name or symbol=AKT-serine-threonine-kinase-1---AKT1&search=Disease_Search_Simple&Disease_Disease_Search_diseaseType=Gen&Disease_Disease_Search_diseaseGroup=AKT1	AKT serine/threonine kinase 1 - AKT1
AKT2	http://www.orpha.net/consor/cgi-bin/Disease_Search.php?lng=EN&type_list=disease&data_id=18434&Gene name or symbol=AKT-serine-threonine-kinase-2---AKT2&search=Disease_Search_Simple&Disease_Disease_Search_diseaseType=Gen&Disease_Disease_Search_diseaseGroup=AKT2	AKT serine/threonine kinase 2 - AKT2
AKT3	http://www.orpha.net/consor/cgi-bin/Disease_Search.php?lng=EN&type_list=disease&data_id=21098&Gene name or symbol=AKT-serine-threonine-kinase-3---AKT3&search=Disease_Search_Simple&Disease_Disease_Search_diseaseType=Gen&Disease_Disease_Search_diseaseGroup=AKT3	AKT serine/threonine kinase 3 - AKT3
CRIK	http://www.orpha.net/consor/cgi-bin/Disease_Search.php?lng=EN&type_list=disease&data_id=24009&Gene name or symbol=citron-rho-interacting-serine-threonine-kinase---CIT--CRIK-&search=Disease_Search_Simple&Disease_Disease_Search_diseaseType=Gen&Disease_Disease_Search_diseaseGroup=CRIK	citron rho-interacting serine/threonine kinase - CIT (CRIK)
ROCK2	http://www.orpha.net/consor/cgi-bin/Disease_Search.php?lng=EN&type_list=disease&data_id=24866&Gene name or symbol=Rho-associated-coiled-coil-containing-protein-kinase-2---ROCK2&search=Disease_Search_Simple&Disease_Disease_Search_diseaseType=Gen&Disease_Disease_Search_diseaseGroup=ROCK2	Rho associated coiled-coil containing protein kinase 2 - ROCK2
RHOK	http://www.orpha.net/consor/cgi-bin/Disease_Search.php?lng=EN&type_list=disease&data_id=16168&Gene name or symbol=G-protein-coupled-receptor-kinase-1---GRK1--RHOK-&search=Disease_Search_Simple&Disease_Disease_Search_diseaseType=Gen&Disease_Disease_Search_diseaseGroup=RHOK	G protein-coupled receptor kinase 1 - GRK1 (RHOK)
MAST1	http://www.orpha.net/consor/cgi-bin/Disease_Search.php?lng=EN&type_list=disease&data_id=24689&Gene name or symbol=cytoplasmic-linker-associated-protein-1---CLASP1--MAST1-&search=Disease_Search_Simple&Disease_Disease_Search_diseaseType=Gen&Disease_Disease_Search_diseaseGroup=MAST1	cytoplasmic linker associated protein 1 - CLASP1 (MAST1)
MASTL	http://www.orpha.net/consor/cgi-bin/Disease_Search.php?lng=EN&type_list=disease&data_id=16380&Gene name or symbol=microtubule-associated-serine-threonine-kinase-like---MASTL&search=Disease_Search_Simple&Disease_Disease_Search_diseaseType=Gen&Disease_Disease_Search_diseaseGroup=MASTL	microtubule associated serine/threonine kinase like - MASTL
LATS1	http://www.orpha.net/consor/cgi-bin/Disease_Search.php?lng=EN&type_list=disease&data_id=24665&Gene name or symbol=large-tumor-suppressor-kinase-1---LATS1&search=Disease_Search_Simple&Disease_Disease_Search_diseaseType=Gen&Disease_Disease_Search_diseaseGroup=LATS1	large tumor suppressor kinase 1 - LATS1
NDR1	http://www.orpha.net/consor/cgi-bin/Disease_Search.php?lng=EN&type_list=disease&data_id=16524&Gene name or symbol=N-myc-downstream-regulated-1---NDRG1--NDR1-&search=Disease_Search_Simple&Disease_Disease_Search_diseaseType=Gen&Disease_Disease_Search_diseaseGroup=NDR1	N-myc downstream regulated 1 - NDRG1 (NDR1)
PKACa	http://www.orpha.net/consor/cgi-bin/Disease_Search.php?lng=EN&type_list=disease&data_id=22913&Gene name or symbol=protein-kinase-cAMP-activated-catalytic-subunit-alpha---PRKACA--PKACa-&search=Disease_Search_Simple&Disease_Disease_Search_diseaseType=Gen&Disease_Disease_Search_diseaseGroup=PKACa	protein kinase cAMP-activated catalytic subunit alpha - PRKACA (PKACa)
PKACg	http://www.orpha.net/consor/cgi-bin/Disease_Search.php?lng=EN&type_list=disease&data_id=23529&Gene name or symbol=protein-kinase-cAMP-activated-catalytic-subunit-gamma---PRKACG--PKACg-&search=Disease_Search_Simple&Disease_Disease_Search_diseaseType=Gen&Disease_Disease_Search_diseaseGroup=PKACg	protein kinase cAMP-activated catalytic subunit gamma - PRKACG (PKACg)
PKCg	http://www.orpha.net/consor/cgi-bin/Disease_Search.php?lng=EN&type_list=disease&data_id=15140&Gene name or symbol=protein-kinase-C-gamma---PRKCG--PKCG-&search=Disease_Search_Simple&Disease_Disease_Search_diseaseType=Gen&Disease_Disease_Search_diseaseGroup=PKCg	protein kinase C gamma - PRKCG (PKCG)
PKCd	http://www.orpha.net/consor/cgi-bin/Disease_Search.php?lng=EN&type_list=disease&data_id=20791&Gene name or symbol=receptor-interacting-serine-threonine-kinase-4---RIPK4--PKC-delta-interacting-protein-kinase-&search=Disease_Search_Simple&Disease_Disease_Search_diseaseType=Gen&Disease_Disease_Search_diseaseGroup=PKCd	receptor interacting serine/threonine kinase 4 - RIPK4 (PKC-delta-interacting protein kinase)
PKCi	http://www.orpha.net/consor/cgi-bin/Disease_Search.php?lng=EN&type_list=disease&data_id=21884&Gene name or symbol=histidine-triad-nucleotide-binding-protein-1---HINT1--PKCI-1-&search=Disease_Search_Simple&Disease_Disease_Search_diseaseType=Gen&Disease_Disease_Search_diseaseGroup=PKCi	histidine triad nucleotide binding protein 1 - HINT1 (PKCI-1)
MSK1	http://www.orpha.net/consor/cgi-bin/Disease_Search.php?lng=EN&type_list=disease&data_id=15068&Gene name or symbol=aggrecan---ACAN--MSK16-&search=Disease_Search_Simple&Disease_Disease_Search_diseaseType=Gen&Disease_Disease_Search_diseaseGroup=MSK1	aggrecan - ACAN (MSK16)
MSK2	http://www.orpha.net/consor/cgi-bin/Disease_Search.php?lng=EN&type_list=disease&data_id=18955&Gene name or symbol=CD59-molecule---CD59--MSK21-&search=Disease_Search_Simple&Disease_Disease_Search_diseaseType=Gen&Disease_Disease_Search_diseaseGroup=MSK2	CD59 molecule - CD59 (MSK21)
RSK2	http://www.orpha.net/consor/cgi-bin/Disease_Search.php?lng=EN&type_list=disease&data_id=15231&Gene name or symbol=ribosomal-protein-S6-kinase-A3---RPS6KA3--RSK2-&search=Disease_Search_Simple&Disease_Disease_Search_diseaseType=Gen&Disease_Disease_Search_diseaseGroup=RSK2	ribosomal protein S6 kinase A3 - RPS6KA3 (RSK2)
SGK1	http://www.orpha.net/consor/cgi-bin/Disease_Search.php?lng=EN&type_list=disease&data_id=22090&Gene name or symbol=protein-O-mannose-kinase---POMK--SGK196-&search=Disease_Search_Simple&Disease_Disease_Search_diseaseType=Gen&Disease_Disease_Search_diseaseGroup=SGK1	protein-O-mannose kinase - POMK (SGK196)
ADCK3	http://www.orpha.net/consor/cgi-bin/Disease_Search.php?lng=EN&type_list=disease&data_id=16939&Gene name or symbol=coenzyme-Q8A---COQ8A--ADCK3-&search=Disease_Search_Simple&Disease_Disease_Search_diseaseType=Gen&Disease_Disease_Search_diseaseGroup=ADCK3	coenzyme Q8A - COQ8A (ADCK3)
ADCK4	http://www.orpha.net/consor/cgi-bin/Disease_Search.php?lng=EN&type_list=disease&data_id=22566&Gene name or symbol=coenzyme-Q8B---COQ8B--ADCK4-&search=Disease_Search_Simple&Disease_Disease_Search_diseaseType=Gen&Disease_Disease_Search_diseaseGroup=ADCK4	coenzyme Q8B - COQ8B (ADCK4)
ChaK1	http://www.orpha.net/consor/cgi-bin/Disease_Search.php?lng=EN&type_list=disease&data_id=17299&Gene name or symbol=transient-receptor-potential-cation-channel-subfamily-M-member-7---TRPM7--CHAK1-&search=Disease_Search_Simple&Disease_Disease_Search_diseaseType=Gen&Disease_Disease_Search_diseaseGroup=ChaK1	transient receptor potential cation channel subfamily M member 7 - TRPM7 (CHAK1)
ChaK2	http://www.orpha.net/consor/cgi-bin/Disease_Search.php?lng=EN&type_list=disease&data_id=15666&Gene name or symbol=transient-receptor-potential-cation-channel-subfamily-M-member-6---TRPM6--CHAK2-&search=Disease_Search_Simple&Disease_Disease_Search_diseaseType=Gen&Disease_Disease_Search_diseaseGroup=ChaK2	transient receptor potential cation channel subfamily M member 6 - TRPM6 (CHAK2)
BAZ1B	http://www.orpha.net/consor/cgi-bin/Disease_Search.php?lng=EN&type_list=disease&data_id=15351&Gene name or symbol=bromodomain-adjacent-to-zinc-finger-domain-1B---BAZ1B&search=Disease_Search_Simple&Disease_Disease_Search_diseaseType=Gen&Disease_Disease_Search_diseaseGroup=BAZ1B	bromodomain adjacent to zinc finger domain 1B - BAZ1B
ABR	http://www.orpha.net/consor/cgi-bin/Disease_Search.php?lng=EN&type_list=disease&data_id=24528&Gene name or symbol=family-with-sequence-similarity-175-member-A---FAM175A--ABRA1-&search=Disease_Search_Simple&Disease_Disease_Search_diseaseType=Gen&Disease_Disease_Search_diseaseGroup=ABR	family with sequence similarity 175 member A - FAM175A (ABRA1)
BCR	http://www.orpha.net/consor/cgi-bin/Disease_Search.php?lng=EN&type_list=disease&data_id=15050&Gene name or symbol=ATP-binding-cassette-subfamily-A-member-4---ABCA4--ABCR-&search=Disease_Search_Simple&Disease_Disease_Search_diseaseType=Gen&Disease_Disease_Search_diseaseGroup=BCR	ATP binding cassette subfamily A member 4 - ABCA4 (ABCR)
BLVRA	http://www.orpha.net/consor/cgi-bin/Disease_Search.php?lng=EN&type_list=disease&data_id=20549&Gene name or symbol=biliverdin-reductase-A---BLVRA&search=Disease_Search_Simple&Disease_Disease_Search_diseaseType=Gen&Disease_Disease_Search_diseaseGroup=BLVRA	biliverdin reductase A - BLVRA
BRD2	http://www.orpha.net/consor/cgi-bin/Disease_Search.php?lng=EN&type_list=disease&data_id=24375&Gene name or symbol=bromodomain-containing-2---BRD2--BRD2-intronic-transcript-1-&search=Disease_Search_Simple&Disease_Disease_Search_diseaseType=Gen&Disease_Disease_Search_diseaseGroup=BRD2	bromodomain containing 2 - BRD2 (BRD2 intronic transcript 1)
BRD3	http://www.orpha.net/consor/cgi-bin/Disease_Search.php?lng=EN&type_list=disease&data_id=24376&Gene name or symbol=bromodomain-containing-3---BRD3&search=Disease_Search_Simple&Disease_Disease_Search_diseaseType=Gen&Disease_Disease_Search_diseaseGroup=BRD3	bromodomain containing 3 - BRD3
BRD4	http://www.orpha.net/consor/cgi-bin/Disease_Search.php?lng=EN&type_list=disease&data_id=23630&Gene name or symbol=bromodomain-containing-4---BRD4&search=Disease_Search_Simple&Disease_Disease_Search_diseaseType=Gen&Disease_Disease_Search_diseaseGroup=BRD4	bromodomain containing 4 - BRD4
Col4A3BP	http://www.orpha.net/consor/cgi-bin/Disease_Search.php?lng=EN&type_list=disease&data_id=24426&Gene name or symbol=collagen-type-IV-alpha-3-binding-protein---COL4A3BP&search=Disease_Search_Simple&Disease_Disease_Search_diseaseType=Gen&Disease_Disease_Search_diseaseGroup=Col4A3BP	collagen type IV alpha 3 binding protein - COL4A3BP
FASTK	http://www.orpha.net/consor/cgi-bin/Disease_Search.php?lng=EN&type_list=disease&data_id=17742&Gene name or symbol=FAST-kinase-domains-2---FASTKD2&search=Disease_Search_Simple&Disease_Disease_Search_diseaseType=Gen&Disease_Disease_Search_diseaseGroup=FASTK	FAST kinase domains 2 - FASTKD2
G11	http://www.orpha.net/consor/cgi-bin/Disease_Search.php?lng=EN&type_list=disease&data_id=20426&Gene name or symbol=ALG11--alpha-1-2-mannosyltransferase---ALG11&search=Disease_Search_Simple&Disease_Disease_Search_diseaseType=Gen&Disease_Disease_Search_diseaseGroup=G11	ALG11, alpha-1,2-mannosyltransferase - ALG11
BCKDK	http://www.orpha.net/consor/cgi-bin/Disease_Search.php?lng=EN&type_list=disease&data_id=21447&Gene name or symbol=branched-chain-ketoacid-dehydrogenase-kinase---BCKDK&search=Disease_Search_Simple&Disease_Disease_Search_diseaseType=Gen&Disease_Disease_Search_diseaseGroup=BCKDK	branched chain ketoacid dehydrogenase kinase - BCKDK
ATM	http://www.orpha.net/consor/cgi-bin/Disease_Search.php?lng=EN&type_list=disease&data_id=15053&Gene name or symbol=ATP-binding-cassette-subfamily-B-member-7---ABCB7--Atm1p-&search=Disease_Search_Simple&Disease_Disease_Search_diseaseType=Gen&Disease_Disease_Search_diseaseGroup=ATM	ATP binding cassette subfamily B member 7 - ABCB7 (Atm1p)
ATR	http://www.orpha.net/consor/cgi-bin/Disease_Search.php?lng=EN&type_list=disease&data_id=16225&Gene name or symbol=hydroxysteroid-17-beta-dehydrogenase-4---HSD17B4--3-alpha-7-alpha-12-alpha-trihydroxy-5-beta-cholest-24-enoyl-CoA-hydratase-&search=Disease_Search_Simple&Disease_Disease_Search_diseaseType=Gen&Disease_Disease_Search_diseaseGroup=ATR	hydroxysteroid 17-beta dehydrogenase 4 - HSD17B4 (3-alpha,7-alpha,12-alpha-trihydroxy-5-beta-cholest-24-enoyl-CoA hydratase)
DNAPK	http://www.orpha.net/consor/cgi-bin/Disease_Search.php?lng=EN&type_list=disease&data_id=21609&Gene name or symbol=protein-kinase--DNA-activated--catalytic-polypeptide---PRKDC--DNAPK-&search=Disease_Search_Simple&Disease_Disease_Search_diseaseType=Gen&Disease_Disease_Search_diseaseGroup=DNAPK	protein kinase, DNA-activated, catalytic polypeptide - PRKDC (DNAPK)
FRAP	http://www.orpha.net/consor/cgi-bin/Disease_Search.php?lng=EN&type_list=disease&data_id=23236&Gene name or symbol=mechanistic-target-of-rapamycin---MTOR--FRAP-&search=Disease_Search_Simple&Disease_Disease_Search_diseaseType=Gen&Disease_Disease_Search_diseaseGroup=FRAP	mechanistic target of rapamycin - MTOR (FRAP)
TAF1	http://www.orpha.net/consor/cgi-bin/Disease_Search.php?lng=EN&type_list=disease&data_id=16876&Gene name or symbol=TATA-box-binding-protein-associated-factor-1---TAF1--DYT3-TAF1-&search=Disease_Search_Simple&Disease_Disease_Search_diseaseType=Gen&Disease_Disease_Search_diseaseGroup=TAF1	TATA-box binding protein associated factor 1 - TAF1 (DYT3/TAF1)
TIF1a	http://www.orpha.net/consor/cgi-bin/Disease_Search.php?lng=EN&type_list=disease&data_id=15659&Gene name or symbol=tripartite-motif-containing-24---TRIM24--Tif1a-&search=Disease_Search_Simple&Disease_Disease_Search_diseaseType=Gen&Disease_Disease_Search_diseaseGroup=TIF1a	tripartite motif containing 24 - TRIM24 (Tif1a)
TIF1g	http://www.orpha.net/consor/cgi-bin/Disease_Search.php?lng=EN&type_list=disease&data_id=15662&Gene name or symbol=tripartite-motif-containing-33---TRIM33--TIF1G-&search=Disease_Search_Simple&Disease_Disease_Search_diseaseType=Gen&Disease_Disease_Search_diseaseGroup=TIF1g	tripartite motif containing 33 - TRIM33 (TIF1G)
CHK1	http://www.orpha.net/consor/cgi-bin/Disease_Search.php?lng=EN&type_list=disease&data_id=24418&Gene name or symbol=checkpoint-kinase-1---CHEK1--CHK1-&search=Disease_Search_Simple&Disease_Disease_Search_diseaseType=Gen&Disease_Disease_Search_diseaseGroup=CHK1	checkpoint kinase 1 - CHEK1 (CHK1)
HUNK	http://www.orpha.net/consor/cgi-bin/Disease_Search.php?lng=EN&type_list=disease&data_id=23630&Gene name or symbol=bromodomain-containing-4---BRD4--HUNK1-&search=Disease_Search_Simple&Disease_Disease_Search_diseaseType=Gen&Disease_Disease_Search_diseaseGroup=HUNK	bromodomain containing 4 - BRD4 (HUNK1)
LKB1	http://www.orpha.net/consor/cgi-bin/Disease_Search.php?lng=EN&type_list=disease&data_id=16310&Gene name or symbol=kallikrein-B1---KLKB1&search=Disease_Search_Simple&Disease_Disease_Search_diseaseType=Gen&Disease_Disease_Search_diseaseGroup=LKB1	kallikrein B1 - KLKB1
NuaK1	http://www.orpha.net/consor/cgi-bin/Disease_Search.php?lng=EN&type_list=disease&data_id=24772&Gene name or symbol=NUAK-family-kinase-1---NUAK1&search=Disease_Search_Simple&Disease_Disease_Search_diseaseType=Gen&Disease_Disease_Search_diseaseGroup=NuaK1	NUAK family kinase 1 - NUAK1
SIK	http://www.orpha.net/consor/cgi-bin/Disease_Search.php?lng=EN&type_list=disease&data_id=23215&Gene name or symbol=salt-inducible-kinase-1---SIK1&search=Disease_Search_Simple&Disease_Disease_Search_diseaseType=Gen&Disease_Disease_Search_diseaseGroup=SIK	salt inducible kinase 1 - SIK1
CASK	http://www.orpha.net/consor/cgi-bin/Disease_Search.php?lng=EN&type_list=disease&data_id=17592&Gene name or symbol=calcium-calmodulin-dependent-serine-protein-kinase---CASK&search=Disease_Search_Simple&Disease_Disease_Search_diseaseType=Gen&Disease_Disease_Search_diseaseGroup=CASK	calcium/calmodulin dependent serine protein kinase - CASK
DAPK3	http://www.orpha.net/consor/cgi-bin/Disease_Search.php?lng=EN&type_list=disease&data_id=24455&Gene name or symbol=death-associated-protein-kinase-3---DAPK3&search=Disease_Search_Simple&Disease_Disease_Search_diseaseType=Gen&Disease_Disease_Search_diseaseGroup=DAPK3	death associated protein kinase 3 - DAPK3
MAPKAPK3	http://www.orpha.net/consor/cgi-bin/Disease_Search.php?lng=EN&type_list=disease&data_id=25120&Gene name or symbol=mitogen-activated-protein-kinase-activated-protein-kinase-3---MAPKAPK3&search=Disease_Search_Simple&Disease_Disease_Search_diseaseType=Gen&Disease_Disease_Search_diseaseGroup=MAPKAPK3	mitogen-activated protein kinase-activated protein kinase 3 - MAPKAPK3
TTN	http://www.orpha.net/consor/cgi-bin/Disease_Search.php?lng=EN&type_list=disease&data_id=24445&Gene name or symbol=cortactin-binding-protein-2---CTTNBP2&search=Disease_Search_Simple&Disease_Disease_Search_diseaseType=Gen&Disease_Disease_Search_diseaseGroup=TTN	cortactin binding protein 2 - CTTNBP2
skMLCK	http://www.orpha.net/consor/cgi-bin/Disease_Search.php?lng=EN&type_list=disease&data_id=16506&Gene name or symbol=myosin-light-chain-kinase-2---MYLK2--skMLCK-&search=Disease_Search_Simple&Disease_Disease_Search_diseaseType=Gen&Disease_Disease_Search_diseaseGroup=skMLCK	myosin light chain kinase 2 - MYLK2 (skMLCK)
smMLCK	http://www.orpha.net/consor/cgi-bin/Disease_Search.php?lng=EN&type_list=disease&data_id=19503&Gene name or symbol=myosin-light-chain-kinase---MYLK--smMLCK-&search=Disease_Search_Simple&Disease_Disease_Search_diseaseType=Gen&Disease_Disease_Search_diseaseGroup=smMLCK	myosin light chain kinase - MYLK (smMLCK)
PHKg1	http://www.orpha.net/consor/cgi-bin/Disease_Search.php?lng=EN&type_list=disease&data_id=22085&Gene name or symbol=phosphorylase-kinase-catalytic-subunit-gamma-1---PHKG1&search=Disease_Search_Simple&Disease_Disease_Search_diseaseType=Gen&Disease_Disease_Search_diseaseGroup=PHKg1	phosphorylase kinase catalytic subunit gamma 1 - PHKG1
PHKg2	http://www.orpha.net/consor/cgi-bin/Disease_Search.php?lng=EN&type_list=disease&data_id=17404&Gene name or symbol=phosphorylase-kinase-catalytic-subunit-gamma-2---PHKG2&search=Disease_Search_Simple&Disease_Disease_Search_diseaseType=Gen&Disease_Disease_Search_diseaseGroup=PHKg2	phosphorylase kinase catalytic subunit gamma 2 - PHKG2
PIM1	http://www.orpha.net/consor/cgi-bin/Disease_Search.php?lng=EN&type_list=disease&data_id=23127&Gene name or symbol=lon-peptidase-1--mitochondrial---LONP1--PIM1-&search=Disease_Search_Simple&Disease_Disease_Search_diseaseType=Gen&Disease_Disease_Search_diseaseGroup=PIM1	lon peptidase 1, mitochondrial - LONP1 (PIM1)
PKD1	http://www.orpha.net/consor/cgi-bin/Disease_Search.php?lng=EN&type_list=disease&data_id=25071&Gene name or symbol=polycystin-1-like-1--transient-receptor-potential-channel-interacting---PKD1L1&search=Disease_Search_Simple&Disease_Disease_Search_diseaseType=Gen&Disease_Disease_Search_diseaseGroup=PKD1	polycystin 1 like 1, transient receptor potential channel interacting - PKD1L1
PKD2	http://www.orpha.net/consor/cgi-bin/Disease_Search.php?lng=EN&type_list=disease&data_id=16184&Gene name or symbol=HCLS1-associated-protein-X-1---HAX1--HCLS1--and-PKD2--associated-protein-&search=Disease_Search_Simple&Disease_Disease_Search_diseaseType=Gen&Disease_Disease_Search_diseaseGroup=PKD2	HCLS1 associated protein X-1 - HAX1 (HCLS1 (and PKD2) associated protein)
CHK2	http://www.orpha.net/consor/cgi-bin/Disease_Search.php?lng=EN&type_list=disease&data_id=15444&Gene name or symbol=checkpoint-kinase-2---CHEK2--CHK2-&search=Disease_Search_Simple&Disease_Disease_Search_diseaseType=Gen&Disease_Disease_Search_diseaseGroup=CHK2	checkpoint kinase 2 - CHEK2 (CHK2)
Obscn	http://www.orpha.net/consor/cgi-bin/Disease_Search.php?lng=EN&type_list=disease&data_id=24776&Gene name or symbol=obscurin--cytoskeletal-calmodulin-and-titin-interacting-RhoGEF---OBSCN&search=Disease_Search_Simple&Disease_Disease_Search_diseaseType=Gen&Disease_Disease_Search_diseaseGroup=Obscn	obscurin, cytoskeletal calmodulin and titin-interacting RhoGEF - OBSCN
SPEG	http://www.orpha.net/consor/cgi-bin/Disease_Search.php?lng=EN&type_list=disease&data_id=22999&Gene name or symbol=SPEG-complex-locus---SPEG--SPEGalpha-&search=Disease_Search_Simple&Disease_Disease_Search_diseaseType=Gen&Disease_Disease_Search_diseaseGroup=SPEG	SPEG complex locus - SPEG (SPEGalpha)
Trad	http://www.orpha.net/consor/cgi-bin/Disease_Search.php?lng=EN&type_list=disease&data_id=16225&Gene name or symbol=hydroxysteroid-17-beta-dehydrogenase-4---HSD17B4--17beta-estradiol-dehydrogenase-type-IV-&search=Disease_Search_Simple&Disease_Disease_Search_diseaseType=Gen&Disease_Disease_Search_diseaseGroup=Trad	hydroxysteroid 17-beta dehydrogenase 4 - HSD17B4 (17beta-estradiol dehydrogenase type IV)
Trio	http://www.orpha.net/consor/cgi-bin/Disease_Search.php?lng=EN&type_list=disease&data_id=16568&Gene name or symbol=natriuretic-peptide-receptor-2---NPR2--atrionatriuretic-peptide-receptor-B-&search=Disease_Search_Simple&Disease_Disease_Search_diseaseType=Gen&Disease_Disease_Search_diseaseGroup=Trio	natriuretic peptide receptor 2 - NPR2 (atrionatriuretic peptide receptor B)
TTBK2	http://www.orpha.net/consor/cgi-bin/Disease_Search.php?lng=EN&type_list=disease&data_id=17306&Gene name or symbol=tau-tubulin-kinase-2---TTBK2&search=Disease_Search_Simple&Disease_Disease_Search_diseaseType=Gen&Disease_Disease_Search_diseaseGroup=TTBK2	tau tubulin kinase 2 - TTBK2
VRK1	http://www.orpha.net/consor/cgi-bin/Disease_Search.php?lng=EN&type_list=disease&data_id=18602&Gene name or symbol=vaccinia-related-kinase-1---VRK1&search=Disease_Search_Simple&Disease_Disease_Search_diseaseType=Gen&Disease_Disease_Search_diseaseGroup=VRK1	vaccinia related kinase 1 - VRK1
CDC2	http://www.orpha.net/consor/cgi-bin/Disease_Search.php?lng=EN&type_list=disease&data_id=24615&Gene name or symbol=intraflagellar-transport-74---IFT74--CCDC2-&search=Disease_Search_Simple&Disease_Disease_Search_diseaseType=Gen&Disease_Disease_Search_diseaseGroup=CDC2	intraflagellar transport 74 - IFT74 (CCDC2)
CDK4	http://www.orpha.net/consor/cgi-bin/Disease_Search.php?lng=EN&type_list=disease&data_id=15426&Gene name or symbol=cyclin-dependent-kinase-inhibitor-2A---CDKN2A--CDK4I-&search=Disease_Search_Simple&Disease_Disease_Search_diseaseType=Gen&Disease_Disease_Search_diseaseGroup=CDK4	cyclin dependent kinase inhibitor 2A - CDKN2A (CDK4I)
CDK6	http://www.orpha.net/consor/cgi-bin/Disease_Search.php?lng=EN&type_list=disease&data_id=22579&Gene name or symbol=cyclin-dependent-kinase-6---CDK6&search=Disease_Search_Simple&Disease_Disease_Search_diseaseType=Gen&Disease_Disease_Search_diseaseGroup=CDK6	cyclin dependent kinase 6 - CDK6
CDK5	http://www.orpha.net/consor/cgi-bin/Disease_Search.php?lng=EN&type_list=disease&data_id=15423&Gene name or symbol=CDK5-regulatory-subunit-associated-protein-2---CDK5RAP2&search=Disease_Search_Simple&Disease_Disease_Search_diseaseType=Gen&Disease_Disease_Search_diseaseGroup=CDK5	CDK5 regulatory subunit associated protein 2 - CDK5RAP2
CHED	http://www.orpha.net/consor/cgi-bin/Disease_Search.php?lng=EN&type_list=disease&data_id=15066&Gene name or symbol=acyl-CoA-dehydrogenase--short-branched-chain---ACADSB&search=Disease_Search_Simple&Disease_Disease_Search_diseaseType=Gen&Disease_Disease_Search_diseaseGroup=CHED	acyl-CoA dehydrogenase, short/branched chain - ACADSB
PCTAIRE2	http://www.orpha.net/consor/cgi-bin/Disease_Search.php?lng=EN&type_list=disease&data_id=24975&Gene name or symbol=tudor-domain-containing-7---TDRD7--PCTAIRE2BP-&search=Disease_Search_Simple&Disease_Disease_Search_diseaseType=Gen&Disease_Disease_Search_diseaseGroup=PCTAIRE2	tudor domain containing 7 - TDRD7 (PCTAIRE2BP)
CDKL5	http://www.orpha.net/consor/cgi-bin/Disease_Search.php?lng=EN&type_list=disease&data_id=15424&Gene name or symbol=cyclin-dependent-kinase-like-5---CDKL5&search=Disease_Search_Simple&Disease_Disease_Search_diseaseType=Gen&Disease_Disease_Search_diseaseGroup=CDKL5	cyclin dependent kinase like 5 - CDKL5
CLK1	http://www.orpha.net/consor/cgi-bin/Disease_Search.php?lng=EN&type_list=disease&data_id=19845&Gene name or symbol=collectin-subfamily-member-11---COLEC11--CL-K1-&search=Disease_Search_Simple&Disease_Disease_Search_diseaseType=Gen&Disease_Disease_Search_diseaseGroup=CLK1	collectin subfamily member 11 - COLEC11 (CL-K1)
DYRK1A	http://www.orpha.net/consor/cgi-bin/Disease_Search.php?lng=EN&type_list=disease&data_id=20280&Gene name or symbol=dual-specificity-tyrosine-phosphorylation-regulated-kinase-1A---DYRK1A&search=Disease_Search_Simple&Disease_Disease_Search_diseaseType=Gen&Disease_Disease_Search_diseaseGroup=DYRK1A	dual specificity tyrosine phosphorylation regulated kinase 1A - DYRK1A
DYRK1B	http://www.orpha.net/consor/cgi-bin/Disease_Search.php?lng=EN&type_list=disease&data_id=23148&Gene name or symbol=dual-specificity-tyrosine-phosphorylation-regulated-kinase-1B---DYRK1B&search=Disease_Search_Simple&Disease_Disease_Search_diseaseType=Gen&Disease_Disease_Search_diseaseGroup=DYRK1B	dual specificity tyrosine phosphorylation regulated kinase 1B - DYRK1B
PRP4	http://www.orpha.net/consor/cgi-bin/Disease_Search.php?lng=EN&type_list=disease&data_id=22891&Gene name or symbol=pre-mRNA-processing-factor-4---PRPF4--HPRP4-&search=Disease_Search_Simple&Disease_Disease_Search_diseaseType=Gen&Disease_Disease_Search_diseaseGroup=PRP4	pre-mRNA processing factor 4 - PRPF4 (HPRP4)
GSK3B	http://www.orpha.net/consor/cgi-bin/Disease_Search.php?lng=EN&type_list=disease&data_id=24579&Gene name or symbol=GSK3B-interacting-protein---GSKIP--GSK3beta-interaction-protein-&search=Disease_Search_Simple&Disease_Disease_Search_diseaseType=Gen&Disease_Disease_Search_diseaseGroup=GSK3B	GSK3B interacting protein - GSKIP (GSK3beta interaction protein)
Erk2	http://www.orpha.net/consor/cgi-bin/Disease_Search.php?lng=EN&type_list=disease&data_id=17413&Gene name or symbol=mitogen-activated-protein-kinase-1---MAPK1--ERK2-&search=Disease_Search_Simple&Disease_Disease_Search_diseaseType=Gen&Disease_Disease_Search_diseaseGroup=Erk2	mitogen-activated protein kinase 1 - MAPK1 (ERK2)
JNK3	http://www.orpha.net/consor/cgi-bin/Disease_Search.php?lng=EN&type_list=disease&data_id=19563&Gene name or symbol=mitogen-activated-protein-kinase-10---MAPK10--JNK3-&search=Disease_Search_Simple&Disease_Disease_Search_diseaseType=Gen&Disease_Disease_Search_diseaseGroup=JNK3	mitogen-activated protein kinase 10 - MAPK10 (JNK3)
NLK	http://www.orpha.net/consor/cgi-bin/Disease_Search.php?lng=EN&type_list=disease&data_id=16162&Gene name or symbol=glucose-6-phosphate-isomerase---GPI--NLK-&search=Disease_Search_Simple&Disease_Disease_Search_diseaseType=Gen&Disease_Disease_Search_diseaseGroup=NLK	glucose-6-phosphate isomerase - GPI (NLK)
ICK	http://www.orpha.net/consor/cgi-bin/Disease_Search.php?lng=EN&type_list=disease&data_id=15769&Gene name or symbol=collagen-type-II-alpha-1-chain---COL2A1--arthroophthalmopathy--progressive--Stickler-syndrome--&search=Disease_Search_Simple&Disease_Disease_Search_diseaseType=Gen&Disease_Disease_Search_diseaseGroup=ICK	collagen type II alpha 1 chain - COL2A1 (arthroophthalmopathy, progressive (Stickler syndrome))
MAK	http://www.orpha.net/consor/cgi-bin/Disease_Search.php?lng=EN&type_list=disease&data_id=17442&Gene name or symbol=anaplastic-lymphoma-receptor-tyrosine-kinase---ALK--Anaplastic-lymphoma-kinase--Ki-1--&search=Disease_Search_Simple&Disease_Disease_Search_diseaseType=Gen&Disease_Disease_Search_diseaseGroup=MAK	anaplastic lymphoma receptor tyrosine kinase - ALK (Anaplastic lymphoma kinase (Ki-1))
MOK	http://www.orpha.net/consor/cgi-bin/Disease_Search.php?lng=EN&type_list=disease&data_id=24324&Gene name or symbol=atypical-chemokine-receptor-3---ACKR3&search=Disease_Search_Simple&Disease_Disease_Search_diseaseType=Gen&Disease_Disease_Search_diseaseGroup=MOK	atypical chemokine receptor 3 - ACKR3
TXNDC3	http://www.orpha.net/consor/cgi-bin/Disease_Search.php?lng=EN&type_list=disease&data_id=16782&Gene name or symbol=NME-NM23-family-member-8---NME8--TXNDC3-&search=Disease_Search_Simple&Disease_Disease_Search_diseaseType=Gen&Disease_Disease_Search_diseaseGroup=TXNDC3	NME/NM23 family member 8 - NME8 (TXNDC3)
AurC	http://www.orpha.net/consor/cgi-bin/Disease_Search.php?lng=EN&type_list=disease&data_id=17443&Gene name or symbol=aurora-kinase-C---AURKC--AurC-&search=Disease_Search_Simple&Disease_Disease_Search_diseaseType=Gen&Disease_Disease_Search_diseaseGroup=AurC	aurora kinase C - AURKC (AurC)
BUB1	http://www.orpha.net/consor/cgi-bin/Disease_Search.php?lng=EN&type_list=disease&data_id=15384&Gene name or symbol=BUB1-mitotic-checkpoint-serine-threonine-kinase-B---BUB1B--Bub1A-&search=Disease_Search_Simple&Disease_Disease_Search_diseaseType=Gen&Disease_Disease_Search_diseaseGroup=BUB1	BUB1 mitotic checkpoint serine/threonine kinase B - BUB1B (Bub1A)
BUBR1	http://www.orpha.net/consor/cgi-bin/Disease_Search.php?lng=EN&type_list=disease&data_id=15384&Gene name or symbol=BUB1-mitotic-checkpoint-serine-threonine-kinase-B---BUB1B--BUBR1-&search=Disease_Search_Simple&Disease_Disease_Search_diseaseType=Gen&Disease_Disease_Search_diseaseGroup=BUBR1	BUB1 mitotic checkpoint serine/threonine kinase B - BUB1B (BUBR1)
CDC7	http://www.orpha.net/consor/cgi-bin/Disease_Search.php?lng=EN&type_list=disease&data_id=15418&Gene name or symbol=cell-division-cycle-73---CDC73&search=Disease_Search_Simple&Disease_Disease_Search_diseaseType=Gen&Disease_Disease_Search_diseaseGroup=CDC7	cell division cycle 73 - CDC73
Dusty	http://www.orpha.net/consor/cgi-bin/Disease_Search.php?lng=EN&type_list=disease&data_id=22961&Gene name or symbol=dual-serine-threonine-and-tyrosine-protein-kinase---DSTYK--DustyPK-&search=Disease_Search_Simple&Disease_Disease_Search_diseaseType=Gen&Disease_Disease_Search_diseaseGroup=Dusty	dual serine/threonine and tyrosine protein kinase - DSTYK (DustyPK)
IKKa	http://www.orpha.net/consor/cgi-bin/Disease_Search.php?lng=EN&type_list=disease&data_id=24278&Gene name or symbol=conserved-helix-loop-helix-ubiquitous-kinase---CHUK--IKKA-&search=Disease_Search_Simple&Disease_Disease_Search_diseaseType=Gen&Disease_Disease_Search_diseaseGroup=IKKa	conserved helix-loop-helix ubiquitous kinase - CHUK (IKKA)
IKKb	http://www.orpha.net/consor/cgi-bin/Disease_Search.php?lng=EN&type_list=disease&data_id=22826&Gene name or symbol=inhibitor-of-nuclear-factor-kappa-B-kinase-subunit-beta---IKBKB--IKKB-&search=Disease_Search_Simple&Disease_Disease_Search_diseaseType=Gen&Disease_Disease_Search_diseaseGroup=IKKb	inhibitor of nuclear factor kappa B kinase subunit beta - IKBKB (IKKB)
TBK1	http://www.orpha.net/consor/cgi-bin/Disease_Search.php?lng=EN&type_list=disease&data_id=21615&Gene name or symbol=TANK-binding-kinase-1---TBK1&search=Disease_Search_Simple&Disease_Disease_Search_diseaseType=Gen&Disease_Disease_Search_diseaseGroup=TBK1	TANK binding kinase 1 - TBK1
IRE2	http://www.orpha.net/consor/cgi-bin/Disease_Search.php?lng=EN&type_list=disease&data_id=24975&Gene name or symbol=tudor-domain-containing-7---TDRD7--PCTAIRE2BP-&search=Disease_Search_Simple&Disease_Disease_Search_diseaseType=Gen&Disease_Disease_Search_diseaseGroup=IRE2	tudor domain containing 7 - TDRD7 (PCTAIRE2BP)
KIS	http://www.orpha.net/consor/cgi-bin/Disease_Search.php?lng=EN&type_list=disease&data_id=20822&Gene name or symbol=KiSS-1-metastasis-suppressor---KISS1&search=Disease_Search_Simple&Disease_Disease_Search_diseaseType=Gen&Disease_Disease_Search_diseaseGroup=KIS	KiSS-1 metastasis-suppressor - KISS1
GAK	http://www.orpha.net/consor/cgi-bin/Disease_Search.php?lng=EN&type_list=disease&data_id=15137&Gene name or symbol=proteoglycan-4---PRG4--bG174L6-2--MSF--megakaryocyte-stimulating-factor--&search=Disease_Search_Simple&Disease_Disease_Search_diseaseType=Gen&Disease_Disease_Search_diseaseGroup=GAK	proteoglycan 4 - PRG4 (bG174L6.2 (MSF: megakaryocyte stimulating factor))
NEK1	http://www.orpha.net/consor/cgi-bin/Disease_Search.php?lng=EN&type_list=disease&data_id=19821&Gene name or symbol=NIMA-related-kinase-1---NEK1&search=Disease_Search_Simple&Disease_Disease_Search_diseaseType=Gen&Disease_Disease_Search_diseaseGroup=NEK1	NIMA related kinase 1 - NEK1
NEK2	http://www.orpha.net/consor/cgi-bin/Disease_Search.php?lng=EN&type_list=disease&data_id=22421&Gene name or symbol=NIMA-related-kinase-2---NEK2--NEK2A-&search=Disease_Search_Simple&Disease_Disease_Search_diseaseType=Gen&Disease_Disease_Search_diseaseGroup=NEK2	NIMA related kinase 2 - NEK2 (NEK2A)
NEK8	http://www.orpha.net/consor/cgi-bin/Disease_Search.php?lng=EN&type_list=disease&data_id=23883&Gene name or symbol=NIMA-related-kinase-9---NEK9--Nek8-&search=Disease_Search_Simple&Disease_Disease_Search_diseaseType=Gen&Disease_Disease_Search_diseaseGroup=NEK8	NIMA related kinase 9 - NEK9 (Nek8)
NEK9	http://www.orpha.net/consor/cgi-bin/Disease_Search.php?lng=EN&type_list=disease&data_id=23883&Gene name or symbol=NIMA-related-kinase-9---NEK9&search=Disease_Search_Simple&Disease_Disease_Search_diseaseType=Gen&Disease_Disease_Search_diseaseGroup=NEK9	NIMA related kinase 9 - NEK9
PINK1	http://www.orpha.net/consor/cgi-bin/Disease_Search.php?lng=EN&type_list=disease&data_id=15094&Gene name or symbol=PTEN-induced-putative-kinase-1---PINK1&search=Disease_Search_Simple&Disease_Disease_Search_diseaseType=Gen&Disease_Disease_Search_diseaseGroup=PINK1	PTEN induced putative kinase 1 - PINK1
NRBP2	http://www.orpha.net/consor/cgi-bin/Disease_Search.php?lng=EN&type_list=disease&data_id=24852&Gene name or symbol=RNA-binding-protein--fox-1-homolog-2---RBFOX2--HNRBP2-&search=Disease_Search_Simple&Disease_Disease_Search_diseaseType=Gen&Disease_Disease_Search_diseaseGroup=NRBP2	RNA binding protein, fox-1 homolog 2 - RBFOX2 (HNRBP2)
RNAseL	http://www.orpha.net/consor/cgi-bin/Disease_Search.php?lng=EN&type_list=disease&data_id=15217&Gene name or symbol=ribonuclease-L---RNASEL&search=Disease_Search_Simple&Disease_Disease_Search_diseaseType=Gen&Disease_Disease_Search_diseaseGroup=RNAseL	ribonuclease L - RNASEL
SgK196	http://www.orpha.net/consor/cgi-bin/Disease_Search.php?lng=EN&type_list=disease&data_id=22090&Gene name or symbol=protein-O-mannose-kinase---POMK--SGK196-&search=Disease_Search_Simple&Disease_Disease_Search_diseaseType=Gen&Disease_Disease_Search_diseaseGroup=SgK196	protein-O-mannose kinase - POMK (SGK196)
GCN2	http://www.orpha.net/consor/cgi-bin/Disease_Search.php?lng=EN&type_list=disease&data_id=22632&Gene name or symbol=eukaryotic-translation-initiation-factor-2-alpha-kinase-4---EIF2AK4--GCN2-&search=Disease_Search_Simple&Disease_Disease_Search_diseaseType=Gen&Disease_Disease_Search_diseaseGroup=GCN2	eukaryotic translation initiation factor 2 alpha kinase 4 - EIF2AK4 (GCN2)
HRI	http://www.orpha.net/consor/cgi-bin/Disease_Search.php?lng=EN&type_list=disease&data_id=21160&Gene name or symbol=isoprenoid-synthase-domain-containing---ISPD--4-diphosphocytidyl-2C-methyl-D-erythritol-synthase-homolog--Arabidopsis--&search=Disease_Search_Simple&Disease_Disease_Search_diseaseType=Gen&Disease_Disease_Search_diseaseGroup=HRI	isoprenoid synthase domain containing - ISPD (4-diphosphocytidyl-2C-methyl-D-erythritol synthase homolog (Arabidopsis))
PEK	http://www.orpha.net/consor/cgi-bin/Disease_Search.php?lng=EN&type_list=disease&data_id=15919&Gene name or symbol=eukaryotic-translation-initiation-factor-2-alpha-kinase-3---EIF2AK3--PEK-&search=Disease_Search_Simple&Disease_Disease_Search_diseaseType=Gen&Disease_Disease_Search_diseaseGroup=PEK	eukaryotic translation initiation factor 2 alpha kinase 3 - EIF2AK3 (PEK)
PKR	http://www.orpha.net/consor/cgi-bin/Disease_Search.php?lng=EN&type_list=disease&data_id=15146&Gene name or symbol=prokineticin-receptor-2---PROKR2--PKR2-&search=Disease_Search_Simple&Disease_Disease_Search_diseaseType=Gen&Disease_Disease_Search_diseaseGroup=PKR	prokineticin receptor 2 - PROKR2 (PKR2)
PLK1	http://www.orpha.net/consor/cgi-bin/Disease_Search.php?lng=EN&type_list=disease&data_id=15387&Gene name or symbol=M-phase-specific-PLK1-interacting-protein---MPLKIP&search=Disease_Search_Simple&Disease_Disease_Search_diseaseType=Gen&Disease_Disease_Search_diseaseGroup=PLK1	M-phase specific PLK1 interacting protein - MPLKIP
PLK4	http://www.orpha.net/consor/cgi-bin/Disease_Search.php?lng=EN&type_list=disease&data_id=23133&Gene name or symbol=polo-like-kinase-4---PLK4&search=Disease_Search_Simple&Disease_Disease_Search_diseaseType=Gen&Disease_Disease_Search_diseaseGroup=PLK4	polo like kinase 4 - PLK4
SCYL1	http://www.orpha.net/consor/cgi-bin/Disease_Search.php?lng=EN&type_list=disease&data_id=24889&Gene name or symbol=SCY1-like-pseudokinase-1---SCYL1&search=Disease_Search_Simple&Disease_Disease_Search_diseaseType=Gen&Disease_Disease_Search_diseaseGroup=SCYL1	SCY1 like pseudokinase 1 - SCYL1
TLK2	http://www.orpha.net/consor/cgi-bin/Disease_Search.php?lng=EN&type_list=disease&data_id=24984&Gene name or symbol=tousled-like-kinase-2---TLK2&search=Disease_Search_Simple&Disease_Disease_Search_diseaseType=Gen&Disease_Disease_Search_diseaseGroup=TLK2	tousled like kinase 2 - TLK2
TTK	http://www.orpha.net/consor/cgi-bin/Disease_Search.php?lng=EN&type_list=disease&data_id=16842&Gene name or symbol=mitochondrially-encoded-tRNA-lysine---MT-TK&search=Disease_Search_Simple&Disease_Disease_Search_diseaseType=Gen&Disease_Disease_Search_diseaseGroup=TTK	mitochondrially encoded tRNA lysine - MT-TK
Fused	http://www.orpha.net/consor/cgi-bin/Disease_Search.php?lng=EN&type_list=disease&data_id=23593&Gene name or symbol=AF4-FMR2-family-member-4---AFF4--ALL1-fused-gene-from-5q31-&search=Disease_Search_Simple&Disease_Disease_Search_diseaseType=Gen&Disease_Disease_Search_diseaseGroup=Fused	AF4/FMR2 family member 4 - AFF4 (ALL1 fused gene from 5q31)
MYT1	http://www.orpha.net/consor/cgi-bin/Disease_Search.php?lng=EN&type_list=disease&data_id=24732&Gene name or symbol=myelin-transcription-factor-1-like---MYT1L&search=Disease_Search_Simple&Disease_Disease_Search_diseaseType=Gen&Disease_Disease_Search_diseaseGroup=MYT1	myelin transcription factor 1 like - MYT1L
Wnk1	http://www.orpha.net/consor/cgi-bin/Disease_Search.php?lng=EN&type_list=disease&data_id=15725&Gene name or symbol=WNK-lysine-deficient-protein-kinase-1---WNK1--PRKWNK1-&search=Disease_Search_Simple&Disease_Disease_Search_diseaseType=Gen&Disease_Disease_Search_diseaseGroup=Wnk1	WNK lysine deficient protein kinase 1 - WNK1 (PRKWNK1)
Wnk3	http://www.orpha.net/consor/cgi-bin/Disease_Search.php?lng=EN&type_list=disease&data_id=25039&Gene name or symbol=WNK-lysine-deficient-protein-kinase-3---WNK3--PRKWNK3-&search=Disease_Search_Simple&Disease_Disease_Search_diseaseType=Gen&Disease_Disease_Search_diseaseGroup=Wnk3	WNK lysine deficient protein kinase 3 - WNK3 (PRKWNK3)
Wnk4	http://www.orpha.net/consor/cgi-bin/Disease_Search.php?lng=EN&type_list=disease&data_id=15726&Gene name or symbol=WNK-lysine-deficient-protein-kinase-4---WNK4--PRKWNK4-&search=Disease_Search_Simple&Disease_Disease_Search_diseaseType=Gen&Disease_Disease_Search_diseaseGroup=Wnk4	WNK lysine deficient protein kinase 4 - WNK4 (PRKWNK4)
FAM20A	http://www.orpha.net/consor/cgi-bin/Disease_Search.php?lng=EN&type_list=disease&data_id=20268&Gene name or symbol=FAM20A--golgi-associated-secretory-pathway-pseudokinase---FAM20A&search=Disease_Search_Simple&Disease_Disease_Search_diseaseType=Gen&Disease_Disease_Search_diseaseGroup=FAM20A	FAM20A, golgi associated secretory pathway pseudokinase - FAM20A
FAM20C	http://www.orpha.net/consor/cgi-bin/Disease_Search.php?lng=EN&type_list=disease&data_id=16801&Gene name or symbol=FAM20C--golgi-associated-secretory-pathway-kinase---FAM20C&search=Disease_Search_Simple&Disease_Disease_Search_diseaseType=Gen&Disease_Disease_Search_diseaseGroup=FAM20C	FAM20C, golgi associated secretory pathway kinase - FAM20C
ANPa	http://www.orpha.net/consor/cgi-bin/Disease_Search.php?lng=EN&type_list=disease&data_id=15680&Gene name or symbol=ubiquitin-protein-ligase-E3A---UBE3A--human-papilloma-virus-E6-associated-protein-&search=Disease_Search_Simple&Disease_Disease_Search_diseaseType=Gen&Disease_Disease_Search_diseaseGroup=ANPa	ubiquitin protein ligase E3A - UBE3A (human papilloma virus E6-associated protein)
ANPb	http://www.orpha.net/consor/cgi-bin/Disease_Search.php?lng=EN&type_list=disease&data_id=16568&Gene name or symbol=natriuretic-peptide-receptor-2---NPR2--ANPb-&search=Disease_Search_Simple&Disease_Disease_Search_diseaseType=Gen&Disease_Disease_Search_diseaseGroup=ANPb	natriuretic peptide receptor 2 - NPR2 (ANPb)
CYGD	http://www.orpha.net/consor/cgi-bin/Disease_Search.php?lng=EN&type_list=disease&data_id=16178&Gene name or symbol=guanylate-cyclase-2D--retinal---GUCY2D--CYGD-&search=Disease_Search_Simple&Disease_Disease_Search_diseaseType=Gen&Disease_Disease_Search_diseaseGroup=CYGD	guanylate cyclase 2D, retinal - GUCY2D (CYGD)
COT	http://www.orpha.net/consor/cgi-bin/Disease_Search.php?lng=EN&type_list=disease&data_id=15447&Gene name or symbol=cholinergic-receptor-nicotinic-alpha-1-subunit---CHRNA1--acetylcholine-receptor--nicotinic--alpha-1--muscle--&search=Disease_Search_Simple&Disease_Disease_Search_diseaseType=Gen&Disease_Disease_Search_diseaseGroup=COT	cholinergic receptor nicotinic alpha 1 subunit - CHRNA1 (acetylcholine receptor, nicotinic, alpha 1 (muscle))
NIK	http://www.orpha.net/consor/cgi-bin/Disease_Search.php?lng=EN&type_list=disease&data_id=15531&Gene name or symbol=synaptosome-associated-protein-29---SNAP29--CEDNIK-&search=Disease_Search_Simple&Disease_Disease_Search_diseaseType=Gen&Disease_Disease_Search_diseaseGroup=NIK	synaptosome associated protein 29 - SNAP29 (CEDNIK)
MAP3K6	http://www.orpha.net/consor/cgi-bin/Disease_Search.php?lng=EN&type_list=disease&data_id=23098&Gene name or symbol=mitogen-activated-protein-kinase-kinase-kinase-6---MAP3K6&search=Disease_Search_Simple&Disease_Disease_Search_diseaseType=Gen&Disease_Disease_Search_diseaseGroup=MAP3K6	mitogen-activated protein kinase kinase kinase 6 - MAP3K6
MAP3K7	http://www.orpha.net/consor/cgi-bin/Disease_Search.php?lng=EN&type_list=disease&data_id=24961&Gene name or symbol=TGF-beta-activated-kinase-1-MAP3K7-binding-protein-2---TAB2--MAP3K7IP2-&search=Disease_Search_Simple&Disease_Disease_Search_diseaseType=Gen&Disease_Disease_Search_diseaseGroup=MAP3K7	TGF-beta activated kinase 1/MAP3K7 binding protein 2 - TAB2 (MAP3K7IP2)
MAP3K1	http://www.orpha.net/consor/cgi-bin/Disease_Search.php?lng=EN&type_list=disease&data_id=24964&Gene name or symbol=TAO-kinase-2---TAOK2--MAP3K17-&search=Disease_Search_Simple&Disease_Disease_Search_diseaseType=Gen&Disease_Disease_Search_diseaseGroup=MAP3K1	TAO kinase 2 - TAOK2 (MAP3K17)
GCK	http://www.orpha.net/consor/cgi-bin/Disease_Search.php?lng=EN&type_list=disease&data_id=16801&Gene name or symbol=FAM20C--golgi-associated-secretory-pathway-kinase---FAM20C--G-CK-&search=Disease_Search_Simple&Disease_Disease_Search_diseaseType=Gen&Disease_Disease_Search_diseaseGroup=GCK	FAM20C, golgi associated secretory pathway kinase - FAM20C (G-CK)
MINK	http://www.orpha.net/consor/cgi-bin/Disease_Search.php?lng=EN&type_list=disease&data_id=16286&Gene name or symbol=potassium-voltage-gated-channel-subfamily-E-regulatory-subunit-1---KCNE1--minK-&search=Disease_Search_Simple&Disease_Disease_Search_diseaseType=Gen&Disease_Disease_Search_diseaseGroup=MINK	potassium voltage-gated channel subfamily E regulatory subunit 1 - KCNE1 (minK)
TNIK	http://www.orpha.net/consor/cgi-bin/Disease_Search.php?lng=EN&type_list=disease&data_id=23899&Gene name or symbol=TRAF2-and-NCK-interacting-kinase---TNIK&search=Disease_Search_Simple&Disease_Disease_Search_diseaseType=Gen&Disease_Disease_Search_diseaseGroup=TNIK	TRAF2 and NCK interacting kinase - TNIK
MST1	http://www.orpha.net/consor/cgi-bin/Disease_Search.php?lng=EN&type_list=disease&data_id=22414&Gene name or symbol=macrophage-stimulating-1---MST1&search=Disease_Search_Simple&Disease_Disease_Search_diseaseType=Gen&Disease_Disease_Search_diseaseGroup=MST1	macrophage stimulating 1 - MST1
MYO3A	http://www.orpha.net/consor/cgi-bin/Disease_Search.php?lng=EN&type_list=disease&data_id=17475&Gene name or symbol=myosin-IIIA---MYO3A&search=Disease_Search_Simple&Disease_Disease_Search_diseaseType=Gen&Disease_Disease_Search_diseaseGroup=MYO3A	myosin IIIA - MYO3A
PAK3	http://www.orpha.net/consor/cgi-bin/Disease_Search.php?lng=EN&type_list=disease&data_id=17421&Gene name or symbol=p21--RAC1--activated-kinase-3---PAK3--hPAK3-&search=Disease_Search_Simple&Disease_Disease_Search_diseaseType=Gen&Disease_Disease_Search_diseaseGroup=PAK3	p21 (RAC1) activated kinase 3 - PAK3 (hPAK3)
LOK	http://www.orpha.net/consor/cgi-bin/Disease_Search.php?lng=EN&type_list=disease&data_id=23512&Gene name or symbol=sedoheptulokinase---SHPK&search=Disease_Search_Simple&Disease_Disease_Search_diseaseType=Gen&Disease_Disease_Search_diseaseGroup=LOK	sedoheptulokinase - SHPK
TAO1	http://www.orpha.net/consor/cgi-bin/Disease_Search.php?lng=EN&type_list=disease&data_id=24964&Gene name or symbol=TAO-kinase-2---TAOK2--TAO1-&search=Disease_Search_Simple&Disease_Disease_Search_diseaseType=Gen&Disease_Disease_Search_diseaseGroup=TAO1	TAO kinase 2 - TAOK2 (TAO1)
TAO2	http://www.orpha.net/consor/cgi-bin/Disease_Search.php?lng=EN&type_list=disease&data_id=24964&Gene name or symbol=TAO-kinase-2---TAOK2--TAO2-&search=Disease_Search_Simple&Disease_Disease_Search_diseaseType=Gen&Disease_Disease_Search_diseaseGroup=TAO2	TAO kinase 2 - TAOK2 (TAO2)
MAP2K1	http://www.orpha.net/consor/cgi-bin/Disease_Search.php?lng=EN&type_list=disease&data_id=16377&Gene name or symbol=mitogen-activated-protein-kinase-kinase-1---MAP2K1&search=Disease_Search_Simple&Disease_Disease_Search_diseaseType=Gen&Disease_Disease_Search_diseaseGroup=MAP2K1	mitogen-activated protein kinase kinase 1 - MAP2K1
MAP2K2	http://www.orpha.net/consor/cgi-bin/Disease_Search.php?lng=EN&type_list=disease&data_id=16378&Gene name or symbol=mitogen-activated-protein-kinase-kinase-2---MAP2K2&search=Disease_Search_Simple&Disease_Disease_Search_diseaseType=Gen&Disease_Disease_Search_diseaseGroup=MAP2K2	mitogen-activated protein kinase kinase 2 - MAP2K2
ALK	http://www.orpha.net/consor/cgi-bin/Disease_Search.php?lng=EN&type_list=disease&data_id=15079&Gene name or symbol=activin-A-receptor-like-type-1---ACVRL1--ALK1-&search=Disease_Search_Simple&Disease_Disease_Search_diseaseType=Gen&Disease_Disease_Search_diseaseGroup=ALK	activin A receptor like type 1 - ACVRL1 (ALK1)
LTK	http://www.orpha.net/consor/cgi-bin/Disease_Search.php?lng=EN&type_list=disease&data_id=15623&Gene name or symbol=thymidine-kinase-2--mitochondrial---TK2&search=Disease_Search_Simple&Disease_Disease_Search_diseaseType=Gen&Disease_Disease_Search_diseaseGroup=LTK	thymidine kinase 2, mitochondrial - TK2
ABL1	http://www.orpha.net/consor/cgi-bin/Disease_Search.php?lng=EN&type_list=disease&data_id=15062&Gene name or symbol=ABL-proto-oncogene-1--non-receptor-tyrosine-kinase---ABL1&search=Disease_Search_Simple&Disease_Disease_Search_diseaseType=Gen&Disease_Disease_Search_diseaseGroup=ABL1	ABL proto-oncogene 1, non-receptor tyrosine kinase - ABL1
ACK	http://www.orpha.net/consor/cgi-bin/Disease_Search.php?lng=EN&type_list=disease&data_id=22652&Gene name or symbol=tyrosine-kinase-non-receptor-2---TNK2--ACK-&search=Disease_Search_Simple&Disease_Disease_Search_diseaseType=Gen&Disease_Disease_Search_diseaseGroup=ACK	tyrosine kinase non receptor 2 - TNK2 (ACK)
TNK1	http://www.orpha.net/consor/cgi-bin/Disease_Search.php?lng=EN&type_list=disease&data_id=24520&Gene name or symbol=ethanolamine-kinase-1---ETNK1&search=Disease_Search_Simple&Disease_Disease_Search_diseaseType=Gen&Disease_Disease_Search_diseaseGroup=TNK1	ethanolamine kinase 1 - ETNK1
AXL	http://www.orpha.net/consor/cgi-bin/Disease_Search.php?lng=EN&type_list=disease&data_id=16861&Gene name or symbol=B-cell-CLL-lymphoma-11A---BCL11A--BCL11A-XL-&search=Disease_Search_Simple&Disease_Disease_Search_diseaseType=Gen&Disease_Disease_Search_diseaseGroup=AXL	B-cell CLL/lymphoma 11A - BCL11A (BCL11A-XL)
MER	http://www.orpha.net/consor/cgi-bin/Disease_Search.php?lng=EN&type_list=disease&data_id=15590&Gene name or symbol=titin-cap---TCAP--19-kDa-sarcomeric-protein-&search=Disease_Search_Simple&Disease_Disease_Search_diseaseType=Gen&Disease_Disease_Search_diseaseGroup=MER	titin-cap - TCAP (19 kDa sarcomeric protein)
CCK4	http://www.orpha.net/consor/cgi-bin/Disease_Search.php?lng=EN&type_list=disease&data_id=24835&Gene name or symbol=protein-tyrosine-kinase-7--inactive----PTK7--CCK4-&search=Disease_Search_Simple&Disease_Disease_Search_diseaseType=Gen&Disease_Disease_Search_diseaseGroup=CCK4	protein tyrosine kinase 7 (inactive) - PTK7 (CCK4)
CSK	http://www.orpha.net/consor/cgi-bin/Disease_Search.php?lng=EN&type_list=disease&data_id=16624&Gene name or symbol=proprotein-convertase-subtilisin-kexin-type-1---PCSK1&search=Disease_Search_Simple&Disease_Disease_Search_diseaseType=Gen&Disease_Disease_Search_diseaseGroup=CSK	proprotein convertase subtilisin/kexin type 1 - PCSK1
CTK	http://www.orpha.net/consor/cgi-bin/Disease_Search.php?lng=EN&type_list=disease&data_id=19844&Gene name or symbol=glycerate-kinase---GLYCTK&search=Disease_Search_Simple&Disease_Disease_Search_diseaseType=Gen&Disease_Disease_Search_diseaseGroup=CTK	glycerate kinase - GLYCTK
DDR2	http://www.orpha.net/consor/cgi-bin/Disease_Search.php?lng=EN&type_list=disease&data_id=17982&Gene name or symbol=discoidin-domain-receptor-tyrosine-kinase-2---DDR2&search=Disease_Search_Simple&Disease_Disease_Search_diseaseType=Gen&Disease_Disease_Search_diseaseGroup=DDR2	discoidin domain receptor tyrosine kinase 2 - DDR2
EGFR	http://www.orpha.net/consor/cgi-bin/Disease_Search.php?lng=EN&type_list=disease&data_id=15917&Gene name or symbol=epidermal-growth-factor-receptor---EGFR&search=Disease_Search_Simple&Disease_Disease_Search_diseaseType=Gen&Disease_Disease_Search_diseaseGroup=EGFR	epidermal growth factor receptor - EGFR
ErbB2	http://www.orpha.net/consor/cgi-bin/Disease_Search.php?lng=EN&type_list=disease&data_id=24517&Gene name or symbol=erbb2-interacting-protein---ERBIN--erbb2-interacting-protein-&search=Disease_Search_Simple&Disease_Disease_Search_diseaseType=Gen&Disease_Disease_Search_diseaseGroup=ErbB2	erbb2 interacting protein - ERBIN (erbb2-interacting protein)
ErbB3	http://www.orpha.net/consor/cgi-bin/Disease_Search.php?lng=EN&type_list=disease&data_id=17461&Gene name or symbol=erb-b2-receptor-tyrosine-kinase-3---ERBB3&search=Disease_Search_Simple&Disease_Disease_Search_diseaseType=Gen&Disease_Disease_Search_diseaseGroup=ErbB3	erb-b2 receptor tyrosine kinase 3 - ERBB3
ErbB4	http://www.orpha.net/consor/cgi-bin/Disease_Search.php?lng=EN&type_list=disease&data_id=22474&Gene name or symbol=erb-b2-receptor-tyrosine-kinase-4---ERBB4&search=Disease_Search_Simple&Disease_Disease_Search_diseaseType=Gen&Disease_Disease_Search_diseaseGroup=ErbB4	erb-b2 receptor tyrosine kinase 4 - ERBB4
EphA2	http://www.orpha.net/consor/cgi-bin/Disease_Search.php?lng=EN&type_list=disease&data_id=18658&Gene name or symbol=EPH-receptor-A2---EPHA2--EphA2-&search=Disease_Search_Simple&Disease_Disease_Search_diseaseType=Gen&Disease_Disease_Search_diseaseGroup=EphA2	EPH receptor A2 - EPHA2 (EphA2)
EphA4	http://www.orpha.net/consor/cgi-bin/Disease_Search.php?lng=EN&type_list=disease&data_id=23741&Gene name or symbol=EPH-receptor-A4---EPHA4--EphA4-&search=Disease_Search_Simple&Disease_Disease_Search_diseaseType=Gen&Disease_Disease_Search_diseaseGroup=EphA4	EPH receptor A4 - EPHA4 (EphA4)
EphA7	http://www.orpha.net/consor/cgi-bin/Disease_Search.php?lng=EN&type_list=disease&data_id=24513&Gene name or symbol=EPH-receptor-A7---EPHA7--EphA7-&search=Disease_Search_Simple&Disease_Disease_Search_diseaseType=Gen&Disease_Disease_Search_diseaseGroup=EphA7	EPH receptor A7 - EPHA7 (EphA7)
EphB2	http://www.orpha.net/consor/cgi-bin/Disease_Search.php?lng=EN&type_list=disease&data_id=15984&Gene name or symbol=EPH-receptor-B2---EPHB2--EphB2-&search=Disease_Search_Simple&Disease_Disease_Search_diseaseType=Gen&Disease_Disease_Search_diseaseGroup=EphB2	EPH receptor B2 - EPHB2 (EphB2)
FGFR1	http://www.orpha.net/consor/cgi-bin/Disease_Search.php?lng=EN&type_list=disease&data_id=16046&Gene name or symbol=fibroblast-growth-factor-receptor-1---FGFR1&search=Disease_Search_Simple&Disease_Disease_Search_diseaseType=Gen&Disease_Disease_Search_diseaseGroup=FGFR1	fibroblast growth factor receptor 1 - FGFR1
FGFR2	http://www.orpha.net/consor/cgi-bin/Disease_Search.php?lng=EN&type_list=disease&data_id=16664&Gene name or symbol=fibroblast-growth-factor-receptor-2---FGFR2&search=Disease_Search_Simple&Disease_Disease_Search_diseaseType=Gen&Disease_Disease_Search_diseaseGroup=FGFR2	fibroblast growth factor receptor 2 - FGFR2
FGFR3	http://www.orpha.net/consor/cgi-bin/Disease_Search.php?lng=EN&type_list=disease&data_id=16047&Gene name or symbol=fibroblast-growth-factor-receptor-3---FGFR3&search=Disease_Search_Simple&Disease_Disease_Search_diseaseType=Gen&Disease_Disease_Search_diseaseGroup=FGFR3	fibroblast growth factor receptor 3 - FGFR3
FGFR4	http://www.orpha.net/consor/cgi-bin/Disease_Search.php?lng=EN&type_list=disease&data_id=24538&Gene name or symbol=fibroblast-growth-factor-receptor-4---FGFR4&search=Disease_Search_Simple&Disease_Disease_Search_diseaseType=Gen&Disease_Disease_Search_diseaseGroup=FGFR4	fibroblast growth factor receptor 4 - FGFR4
FES	http://www.orpha.net/consor/cgi-bin/Disease_Search.php?lng=EN&type_list=disease&data_id=16872&Gene name or symbol=NADH-ubiquinone-oxidoreductase-subunit-A1---NDUFA1--complex-I-MWFE-subunit-&search=Disease_Search_Simple&Disease_Disease_Search_diseaseType=Gen&Disease_Disease_Search_diseaseGroup=FES	NADH:ubiquinone oxidoreductase subunit A1 - NDUFA1 (complex I MWFE subunit)
IGF1R	http://www.orpha.net/consor/cgi-bin/Disease_Search.php?lng=EN&type_list=disease&data_id=16817&Gene name or symbol=insulin-like-growth-factor-1-receptor---IGF1R&search=Disease_Search_Simple&Disease_Disease_Search_diseaseType=Gen&Disease_Disease_Search_diseaseGroup=IGF1R	insulin like growth factor 1 receptor - IGF1R
INSR	http://www.orpha.net/consor/cgi-bin/Disease_Search.php?lng=EN&type_list=disease&data_id=16263&Gene name or symbol=insulin-receptor---INSR&search=Disease_Search_Simple&Disease_Disease_Search_diseaseType=Gen&Disease_Disease_Search_diseaseGroup=INSR	insulin receptor - INSR
IRR	http://www.orpha.net/consor/cgi-bin/Disease_Search.php?lng=EN&type_list=disease&data_id=17967&Gene name or symbol=UTP4--small-subunit-processome-component---UTP4--cirrhosis--autosomal-recessive-1A--cirhin--&search=Disease_Search_Simple&Disease_Disease_Search_diseaseType=Gen&Disease_Disease_Search_diseaseGroup=IRR	UTP4, small subunit processome component - UTP4 (cirrhosis, autosomal recessive 1A (cirhin))
JAK2	http://www.orpha.net/consor/cgi-bin/Disease_Search.php?lng=EN&type_list=disease&data_id=16279&Gene name or symbol=Janus-kinase-2---JAK2&search=Disease_Search_Simple&Disease_Disease_Search_diseaseType=Gen&Disease_Disease_Search_diseaseGroup=JAK2	Janus kinase 2 - JAK2
JAK3	http://www.orpha.net/consor/cgi-bin/Disease_Search.php?lng=EN&type_list=disease&data_id=16280&Gene name or symbol=Janus-kinase-3---JAK3--JAK-3-&search=Disease_Search_Simple&Disease_Disease_Search_diseaseType=Gen&Disease_Disease_Search_diseaseGroup=JAK3	Janus kinase 3 - JAK3 (JAK-3)
TYK2	http://www.orpha.net/consor/cgi-bin/Disease_Search.php?lng=EN&type_list=disease&data_id=17260&Gene name or symbol=tyrosine-kinase-2---TYK2&search=Disease_Search_Simple&Disease_Disease_Search_diseaseType=Gen&Disease_Disease_Search_diseaseGroup=TYK2	tyrosine kinase 2 - TYK2
MET	http://www.orpha.net/consor/cgi-bin/Disease_Search.php?lng=EN&type_list=disease&data_id=24434&Gene name or symbol=coenzyme-Q5--methyltransferase---COQ5--2-methoxy-6-polyprenyl-1-4-benzoquinol-methylase-&search=Disease_Search_Simple&Disease_Disease_Search_diseaseType=Gen&Disease_Disease_Search_diseaseGroup=MET	coenzyme Q5, methyltransferase - COQ5 (2-methoxy-6-polyprenyl-1,4-benzoquinol methylase)
RON	http://www.orpha.net/consor/cgi-bin/Disease_Search.php?lng=EN&type_list=disease&data_id=17307&Gene name or symbol=cholinergic-receptor-nicotinic-alpha-2-subunit---CHRNA2--acetylcholine-receptor--nicotinic--alpha-2--neuronal--&search=Disease_Search_Simple&Disease_Disease_Search_diseaseType=Gen&Disease_Disease_Search_diseaseGroup=RON	cholinergic receptor nicotinic alpha 2 subunit - CHRNA2 (acetylcholine receptor, nicotinic, alpha 2 (neuronal))
MUSK	http://www.orpha.net/consor/cgi-bin/Disease_Search.php?lng=EN&type_list=disease&data_id=17474&Gene name or symbol=muscle-associated-receptor-tyrosine-kinase---MUSK&search=Disease_Search_Simple&Disease_Disease_Search_diseaseType=Gen&Disease_Disease_Search_diseaseGroup=MUSK	muscle associated receptor tyrosine kinase - MUSK
FLT3	http://www.orpha.net/consor/cgi-bin/Disease_Search.php?lng=EN&type_list=disease&data_id=16784&Gene name or symbol=fms-related-tyrosine-kinase-3---FLT3&search=Disease_Search_Simple&Disease_Disease_Search_diseaseType=Gen&Disease_Disease_Search_diseaseGroup=FLT3	fms related tyrosine kinase 3 - FLT3
FMS	http://www.orpha.net/consor/cgi-bin/Disease_Search.php?lng=EN&type_list=disease&data_id=21593&Gene name or symbol=colony-stimulating-factor-1-receptor---CSF1R--C-FMS-&search=Disease_Search_Simple&Disease_Disease_Search_diseaseType=Gen&Disease_Disease_Search_diseaseGroup=FMS	colony stimulating factor 1 receptor - CSF1R (C-FMS)
KIT	http://www.orpha.net/consor/cgi-bin/Disease_Search.php?lng=EN&type_list=disease&data_id=16308&Gene name or symbol=KIT-proto-oncogene-receptor-tyrosine-kinase---KIT--C-Kit-&search=Disease_Search_Simple&Disease_Disease_Search_diseaseType=Gen&Disease_Disease_Search_diseaseGroup=KIT	KIT proto-oncogene receptor tyrosine kinase - KIT (C-Kit)
PDGFRa	http://www.orpha.net/consor/cgi-bin/Disease_Search.php?lng=EN&type_list=disease&data_id=16629&Gene name or symbol=platelet-derived-growth-factor-receptor-alpha---PDGFRA&search=Disease_Search_Simple&Disease_Disease_Search_diseaseType=Gen&Disease_Disease_Search_diseaseGroup=PDGFRa	platelet derived growth factor receptor alpha - PDGFRA
PDGFRb	http://www.orpha.net/consor/cgi-bin/Disease_Search.php?lng=EN&type_list=disease&data_id=16785&Gene name or symbol=platelet-derived-growth-factor-receptor-beta---PDGFRB&search=Disease_Search_Simple&Disease_Disease_Search_diseaseType=Gen&Disease_Disease_Search_diseaseGroup=PDGFRb	platelet derived growth factor receptor beta - PDGFRB
RET	http://www.orpha.net/consor/cgi-bin/Disease_Search.php?lng=EN&type_list=disease&data_id=15225&Gene name or symbol=RPE65--retinoid-isomerohydrolase---RPE65--all-trans-retinyl-palmitate-hydrolase-&search=Disease_Search_Simple&Disease_Disease_Search_diseaseType=Gen&Disease_Disease_Search_diseaseGroup=RET	RPE65, retinoid isomerohydrolase - RPE65 (all-trans-retinyl-palmitate hydrolase)
ROR1	http://www.orpha.net/consor/cgi-bin/Disease_Search.php?lng=EN&type_list=disease&data_id=24867&Gene name or symbol=RAR-related-orphan-receptor-A---RORA--ROR1-&search=Disease_Search_Simple&Disease_Disease_Search_diseaseType=Gen&Disease_Disease_Search_diseaseGroup=ROR1	RAR related orphan receptor A - RORA (ROR1)
ROR2	http://www.orpha.net/consor/cgi-bin/Disease_Search.php?lng=EN&type_list=disease&data_id=15221&Gene name or symbol=receptor-tyrosine-kinase-like-orphan-receptor-2---ROR2&search=Disease_Search_Simple&Disease_Disease_Search_diseaseType=Gen&Disease_Disease_Search_diseaseGroup=ROR2	receptor tyrosine kinase like orphan receptor 2 - ROR2
RYK	http://www.orpha.net/consor/cgi-bin/Disease_Search.php?lng=EN&type_list=disease&data_id=15821&Gene name or symbol=cathepsin-A---CTSA--urinary-kininase-&search=Disease_Search_Simple&Disease_Disease_Search_diseaseType=Gen&Disease_Disease_Search_diseaseGroup=RYK	cathepsin A - CTSA (urinary kininase)
BRK	http://www.orpha.net/consor/cgi-bin/Disease_Search.php?lng=EN&type_list=disease&data_id=15374&Gene name or symbol=bone-morphogenetic-protein-receptor-type-2---BMPR2--BRK-3-&search=Disease_Search_Simple&Disease_Disease_Search_diseaseType=Gen&Disease_Disease_Search_diseaseGroup=BRK	bone morphogenetic protein receptor type 2 - BMPR2 (BRK-3)
FGR	http://www.orpha.net/consor/cgi-bin/Disease_Search.php?lng=EN&type_list=disease&data_id=16260&Gene name or symbol=inhibitor-of-growth-family-member-1---ING1--inhibitor-of-growth-1-&search=Disease_Search_Simple&Disease_Disease_Search_diseaseType=Gen&Disease_Disease_Search_diseaseGroup=FGR	inhibitor of growth family member 1 - ING1 (inhibitor of growth 1)
SRC	http://www.orpha.net/consor/cgi-bin/Disease_Search.php?lng=EN&type_list=disease&data_id=19048&Gene name or symbol=BLK-proto-oncogene--Src-family-tyrosine-kinase---BLK&search=Disease_Search_Simple&Disease_Disease_Search_diseaseType=Gen&Disease_Disease_Search_diseaseGroup=SRC	BLK proto-oncogene, Src family tyrosine kinase - BLK
YES	http://www.orpha.net/consor/cgi-bin/Disease_Search.php?lng=EN&type_list=disease&data_id=22679&Gene name or symbol=adenosine-deaminase-2---ADA2--cat-eye-syndrome-chromosome-region--candidate-1-&search=Disease_Search_Simple&Disease_Disease_Search_diseaseType=Gen&Disease_Disease_Search_diseaseGroup=YES	adenosine deaminase 2 - ADA2 (cat eye syndrome chromosome region, candidate 1)
BLK	http://www.orpha.net/consor/cgi-bin/Disease_Search.php?lng=EN&type_list=disease&data_id=19048&Gene name or symbol=BLK-proto-oncogene--Src-family-tyrosine-kinase---BLK&search=Disease_Search_Simple&Disease_Disease_Search_diseaseType=Gen&Disease_Disease_Search_diseaseGroup=BLK	BLK proto-oncogene, Src family tyrosine kinase - BLK
HCK	http://www.orpha.net/consor/cgi-bin/Disease_Search.php?lng=EN&type_list=disease&data_id=17580&Gene name or symbol=casein-kinase-1-delta---CSNK1D--HCKID-&search=Disease_Search_Simple&Disease_Disease_Search_diseaseType=Gen&Disease_Disease_Search_diseaseGroup=HCK	casein kinase 1 delta - CSNK1D (HCKID)
LCK	http://www.orpha.net/consor/cgi-bin/Disease_Search.php?lng=EN&type_list=disease&data_id=15459&Gene name or symbol=chloride-voltage-gated-channel-5---CLCN5--hClC-K2-&search=Disease_Search_Simple&Disease_Disease_Search_diseaseType=Gen&Disease_Disease_Search_diseaseGroup=LCK	chloride voltage-gated channel 5 - CLCN5 (hClC-K2)
LYN	http://www.orpha.net/consor/cgi-bin/Disease_Search.php?lng=EN&type_list=disease&data_id=19137&Gene name or symbol=polynucleotide-kinase-3--phosphatase---PNKP&search=Disease_Search_Simple&Disease_Disease_Search_diseaseType=Gen&Disease_Disease_Search_diseaseGroup=LYN	polynucleotide kinase 3'-phosphatase - PNKP
ZAP70	http://www.orpha.net/consor/cgi-bin/Disease_Search.php?lng=EN&type_list=disease&data_id=15738&Gene name or symbol=zeta-chain-of-T-cell-receptor-associated-protein-kinase-70---ZAP70--tyrosine-protein-kinase-ZAP-70-&search=Disease_Search_Simple&Disease_Disease_Search_diseaseType=Gen&Disease_Disease_Search_diseaseGroup=ZAP70	zeta chain of T-cell receptor associated protein kinase 70 - ZAP70 (tyrosine-protein kinase ZAP-70)
BMX	http://www.orpha.net/consor/cgi-bin/Disease_Search.php?lng=EN&type_list=disease&data_id=24853&Gene name or symbol=RNA-binding-motif-protein--X-linked---RBMX&search=Disease_Search_Simple&Disease_Disease_Search_diseaseType=Gen&Disease_Disease_Search_diseaseGroup=BMX	RNA binding motif protein, X-linked - RBMX
BTK	http://www.orpha.net/consor/cgi-bin/Disease_Search.php?lng=EN&type_list=disease&data_id=15383&Gene name or symbol=Bruton-tyrosine-kinase---BTK&search=Disease_Search_Simple&Disease_Disease_Search_diseaseType=Gen&Disease_Disease_Search_diseaseGroup=BTK	Bruton tyrosine kinase - BTK
ITK	http://www.orpha.net/consor/cgi-bin/Disease_Search.php?lng=EN&type_list=disease&data_id=24009&Gene name or symbol=citron-rho-interacting-serine-threonine-kinase---CIT--CITK-&search=Disease_Search_Simple&Disease_Disease_Search_diseaseType=Gen&Disease_Disease_Search_diseaseGroup=ITK	citron rho-interacting serine/threonine kinase - CIT (CITK)
TIE2	http://www.orpha.net/consor/cgi-bin/Disease_Search.php?lng=EN&type_list=disease&data_id=15599&Gene name or symbol=TEK-receptor-tyrosine-kinase---TEK--TIE2-&search=Disease_Search_Simple&Disease_Disease_Search_diseaseType=Gen&Disease_Disease_Search_diseaseGroup=TIE2	TEK receptor tyrosine kinase - TEK (TIE2)
TRKA	http://www.orpha.net/consor/cgi-bin/Disease_Search.php?lng=EN&type_list=disease&data_id=16581&Gene name or symbol=neurotrophic-receptor-tyrosine-kinase-1---NTRK1--TRKA-&search=Disease_Search_Simple&Disease_Disease_Search_diseaseType=Gen&Disease_Disease_Search_diseaseGroup=TRKA	neurotrophic receptor tyrosine kinase 1 - NTRK1 (TRKA)
TRKB	http://www.orpha.net/consor/cgi-bin/Disease_Search.php?lng=EN&type_list=disease&data_id=22282&Gene name or symbol=neurotrophic-receptor-tyrosine-kinase-2---NTRK2--TRKB-&search=Disease_Search_Simple&Disease_Disease_Search_diseaseType=Gen&Disease_Disease_Search_diseaseGroup=TRKB	neurotrophic receptor tyrosine kinase 2 - NTRK2 (TRKB)
TRKC	http://www.orpha.net/consor/cgi-bin/Disease_Search.php?lng=EN&type_list=disease&data_id=19504&Gene name or symbol=neurotrophic-receptor-tyrosine-kinase-3---NTRK3--TRKC-&search=Disease_Search_Simple&Disease_Disease_Search_diseaseType=Gen&Disease_Disease_Search_diseaseGroup=TRKC	neurotrophic receptor tyrosine kinase 3 - NTRK3 (TRKC)
FLT4	http://www.orpha.net/consor/cgi-bin/Disease_Search.php?lng=EN&type_list=disease&data_id=16061&Gene name or symbol=fms-related-tyrosine-kinase-4---FLT4&search=Disease_Search_Simple&Disease_Disease_Search_diseaseType=Gen&Disease_Disease_Search_diseaseGroup=FLT4	fms related tyrosine kinase 4 - FLT4
KDR	http://www.orpha.net/consor/cgi-bin/Disease_Search.php?lng=EN&type_list=disease&data_id=19832&Gene name or symbol=C-X3-C-motif-chemokine-receptor-1---CX3CR1--CMKDR1-&search=Disease_Search_Simple&Disease_Disease_Search_diseaseType=Gen&Disease_Disease_Search_diseaseGroup=KDR	C-X3-C motif chemokine receptor 1 - CX3CR1 (CMKDR1)
IRAK1	http://www.orpha.net/consor/cgi-bin/Disease_Search.php?lng=EN&type_list=disease&data_id=22427&Gene name or symbol=interleukin-1-receptor-associated-kinase-1---IRAK1&search=Disease_Search_Simple&Disease_Disease_Search_diseaseType=Gen&Disease_Disease_Search_diseaseGroup=IRAK1	interleukin 1 receptor associated kinase 1 - IRAK1
IRAK4	http://www.orpha.net/consor/cgi-bin/Disease_Search.php?lng=EN&type_list=disease&data_id=16266&Gene name or symbol=interleukin-1-receptor-associated-kinase-4---IRAK4&search=Disease_Search_Simple&Disease_Disease_Search_diseaseType=Gen&Disease_Disease_Search_diseaseGroup=IRAK4	interleukin 1 receptor associated kinase 4 - IRAK4
LIMK1	http://www.orpha.net/consor/cgi-bin/Disease_Search.php?lng=EN&type_list=disease&data_id=16358&Gene name or symbol=LIM-domain-kinase-1---LIMK1&search=Disease_Search_Simple&Disease_Disease_Search_diseaseType=Gen&Disease_Disease_Search_diseaseGroup=LIMK1	LIM domain kinase 1 - LIMK1
LRRK2	http://www.orpha.net/consor/cgi-bin/Disease_Search.php?lng=EN&type_list=disease&data_id=16415&Gene name or symbol=leucine-rich-repeat-kinase-2---LRRK2&search=Disease_Search_Simple&Disease_Disease_Search_diseaseType=Gen&Disease_Disease_Search_diseaseGroup=LRRK2	leucine rich repeat kinase 2 - LRRK2
DLK	http://www.orpha.net/consor/cgi-bin/Disease_Search.php?lng=EN&type_list=disease&data_id=17352&Gene name or symbol=delta-like-non-canonical-Notch-ligand-1---DLK1&search=Disease_Search_Simple&Disease_Disease_Search_diseaseType=Gen&Disease_Disease_Search_diseaseGroup=DLK	delta like non-canonical Notch ligand 1 - DLK1
TAK1	http://www.orpha.net/consor/cgi-bin/Disease_Search.php?lng=EN&type_list=disease&data_id=24131&Gene name or symbol=mitogen-activated-protein-kinase-kinase-kinase-7---MAP3K7--TAK1-&search=Disease_Search_Simple&Disease_Disease_Search_diseaseType=Gen&Disease_Disease_Search_diseaseGroup=TAK1	mitogen-activated protein kinase kinase kinase 7 - MAP3K7 (TAK1)
KSR2	http://www.orpha.net/consor/cgi-bin/Disease_Search.php?lng=EN&type_list=disease&data_id=23631&Gene name or symbol=connector-enhancer-of-kinase-suppressor-of-Ras-2---CNKSR2&search=Disease_Search_Simple&Disease_Disease_Search_diseaseType=Gen&Disease_Disease_Search_diseaseGroup=KSR2	connector enhancer of kinase suppressor of Ras 2 - CNKSR2
ARAF	http://www.orpha.net/consor/cgi-bin/Disease_Search.php?lng=EN&type_list=disease&data_id=15500&Gene name or symbol=ALG9--alpha-1-2-mannosyltransferase---ALG9--disrupted-in-bipolar-affective-disorder-1-&search=Disease_Search_Simple&Disease_Disease_Search_diseaseType=Gen&Disease_Disease_Search_diseaseGroup=ARAF	ALG9, alpha-1,2-mannosyltransferase - ALG9 (disrupted in bipolar affective disorder 1)
BRAF	http://www.orpha.net/consor/cgi-bin/Disease_Search.php?lng=EN&type_list=disease&data_id=17440&Gene name or symbol=A-kinase-anchoring-protein-9---AKAP9--AKAP9-BRAF-fusion-protein-&search=Disease_Search_Simple&Disease_Disease_Search_diseaseType=Gen&Disease_Disease_Search_diseaseGroup=BRAF	A-kinase anchoring protein 9 - AKAP9 (AKAP9-BRAF fusion protein)
RAF1	http://www.orpha.net/consor/cgi-bin/Disease_Search.php?lng=EN&type_list=disease&data_id=15376&Gene name or symbol=B-Raf-proto-oncogene--serine-threonine-kinase---BRAF--BRAF1-&search=Disease_Search_Simple&Disease_Disease_Search_diseaseType=Gen&Disease_Disease_Search_diseaseGroup=RAF1	B-Raf proto-oncogene, serine/threonine kinase - BRAF (BRAF1)
ANKRD3	http://www.orpha.net/consor/cgi-bin/Disease_Search.php?lng=EN&type_list=disease&data_id=20791&Gene name or symbol=receptor-interacting-serine-threonine-kinase-4---RIPK4--ANKRD3-&search=Disease_Search_Simple&Disease_Disease_Search_diseaseType=Gen&Disease_Disease_Search_diseaseGroup=ANKRD3	receptor interacting serine/threonine kinase 4 - RIPK4 (ANKRD3)
RIPK1	http://www.orpha.net/consor/cgi-bin/Disease_Search.php?lng=EN&type_list=disease&data_id=21180&Gene name or symbol=CASP2-and-RIPK1-domain-containing-adaptor-with-death-domain---CRADD&search=Disease_Search_Simple&Disease_Disease_Search_diseaseType=Gen&Disease_Disease_Search_diseaseGroup=RIPK1	CASP2 and RIPK1 domain containing adaptor with death domain - CRADD
ALK1	http://www.orpha.net/consor/cgi-bin/Disease_Search.php?lng=EN&type_list=disease&data_id=15079&Gene name or symbol=activin-A-receptor-like-type-1---ACVRL1--ALK1-&search=Disease_Search_Simple&Disease_Disease_Search_diseaseType=Gen&Disease_Disease_Search_diseaseGroup=ALK1	activin A receptor like type 1 - ACVRL1 (ALK1)
ALK2	http://www.orpha.net/consor/cgi-bin/Disease_Search.php?lng=EN&type_list=disease&data_id=15078&Gene name or symbol=activin-A-receptor-type-1---ACVR1--ALK2-&search=Disease_Search_Simple&Disease_Disease_Search_diseaseType=Gen&Disease_Disease_Search_diseaseGroup=ALK2	activin A receptor type 1 - ACVR1 (ALK2)
BMPR1A	http://www.orpha.net/consor/cgi-bin/Disease_Search.php?lng=EN&type_list=disease&data_id=15372&Gene name or symbol=bone-morphogenetic-protein-receptor-type-1A---BMPR1A&search=Disease_Search_Simple&Disease_Disease_Search_diseaseType=Gen&Disease_Disease_Search_diseaseGroup=BMPR1A	bone morphogenetic protein receptor type 1A - BMPR1A
BMPR1B	http://www.orpha.net/consor/cgi-bin/Disease_Search.php?lng=EN&type_list=disease&data_id=15373&Gene name or symbol=bone-morphogenetic-protein-receptor-type-1B---BMPR1B&search=Disease_Search_Simple&Disease_Disease_Search_diseaseType=Gen&Disease_Disease_Search_diseaseGroup=BMPR1B	bone morphogenetic protein receptor type 1B - BMPR1B
TGFbR1	http://www.orpha.net/consor/cgi-bin/Disease_Search.php?lng=EN&type_list=disease&data_id=15610&Gene name or symbol=transforming-growth-factor-beta-receptor-1---TGFBR1&search=Disease_Search_Simple&Disease_Disease_Search_diseaseType=Gen&Disease_Disease_Search_diseaseGroup=TGFbR1	transforming growth factor beta receptor 1 - TGFBR1
BMPR2	http://www.orpha.net/consor/cgi-bin/Disease_Search.php?lng=EN&type_list=disease&data_id=15374&Gene name or symbol=bone-morphogenetic-protein-receptor-type-2---BMPR2&search=Disease_Search_Simple&Disease_Disease_Search_diseaseType=Gen&Disease_Disease_Search_diseaseGroup=BMPR2	bone morphogenetic protein receptor type 2 - BMPR2
MISR2	http://www.orpha.net/consor/cgi-bin/Disease_Search.php?lng=EN&type_list=disease&data_id=15509&Gene name or symbol=anti-Mullerian-hormone-receptor-type-2---AMHR2--MISR2-&search=Disease_Search_Simple&Disease_Disease_Search_diseaseType=Gen&Disease_Disease_Search_diseaseGroup=MISR2	anti-Mullerian hormone receptor type 2 - AMHR2 (MISR2)
TGFbR2	http://www.orpha.net/consor/cgi-bin/Disease_Search.php?lng=EN&type_list=disease&data_id=15611&Gene name or symbol=transforming-growth-factor-beta-receptor-2---TGFBR2&search=Disease_Search_Simple&Disease_Disease_Search_diseaseType=Gen&Disease_Disease_Search_diseaseGroup=TGFbR2	transforming growth factor beta receptor 2 - TGFBR2
